{
  "config": {
    "steps": 600,
    "n_pairs": 8,
    "train_len": 64,
    "test_len": 256,
    "d_model": 128,
    "n_heads": 4,
    "d_head": 32,
    "seeds": [
      1,
      7
    ],
    "chance": 0.015625,
    "device": "cpu"
  },
  "summary": {
    "attn": {
      "train_mean": 0.998046875,
      "train_std": 0.00048828125,
      "test_mean": 0.99951171875,
      "test_std": 0.0,
      "per_seed_train": [
        0.99853515625,
        0.99755859375
      ]
    },
    "selective": {
      "train_mean": 0.01318359375,
      "train_std": 0.00048828125,
      "test_mean": 0.015380859375,
      "test_std": 0.001708984375,
      "per_seed_train": [
        0.0126953125,
        0.013671875
      ]
    },
    "holo_off": {
      "train_mean": 0.0146484375,
      "train_std": 0.0009765625,
      "test_mean": 0.014892578125,
      "test_std": 0.002197265625,
      "per_seed_train": [
        0.015625,
        0.013671875
      ]
    },
    "holo_on": {
      "train_mean": 0.070556640625,
      "train_std": 0.000244140625,
      "test_mean": 0.064208984375,
      "test_std": 0.009521484375,
      "per_seed_train": [
        0.0703125,
        0.07080078125
      ]
    }
  },
  "verdict": {
    "holo_contribution_pp": 5.59,
    "noise_band_pp": 0.2,
    "holo_on_mean": 0.0706,
    "holo_off_mean": 0.0146,
    "chance": 0.0156,
    "validity_gate_attn": 0.998,
    "validity_passed": true,
    "breaks_recall_wall": true,
    "interpretation": "KEY-CONDITIONED WRITE HELPS \u2014 clears the noise band and chance"
  },
  "elapsed_s": 208.7
}