{
  "header": "Phase-GSSM MQAR capacity \u2014 complex+selective quadrant (Exp 2 / Frontier #3)",
  "device": "mps",
  "config": {
    "steps": 3000,
    "n_pairs": 8,
    "train_len": 64,
    "test_len": 256,
    "d_model": 128,
    "n_layers": 2,
    "n_heads": 4,
    "d_head": 32,
    "lr": 0.003,
    "seed": 42,
    "n_keys": 64,
    "n_values": 64,
    "omega_scale": 3.141592653589793,
    "vocab_size": 129
  },
  "validity_gate": {
    "attn_train_acc": 0.9922,
    "passed": true,
    "note": "attn must reach >=0.90 at train len or ALL GSSM numbers are VOID"
  },
  "results": {
    "attn": {
      "train_len": {
        "overall": 0.9922,
        "by_gap": {
          "1-2": 1.0,
          "3-4": 1.0,
          "5-8": 0.9821428571428571,
          "9-12": 0.989247311827957,
          "13-16": 1.0,
          "17-24": 0.9938650306748467,
          "25-32": 0.9969604863221885,
          "33-48": 0.9915254237288136,
          "49-64": 0.9859550561797753,
          "65-128": null,
          "129-256": null,
          "257-1024": null
        },
        "n": {
          "1-2": 2,
          "3-4": 20,
          "5-8": 56,
          "9-12": 93,
          "13-16": 158,
          "17-24": 326,
          "25-32": 329,
          "33-48": 708,
          "49-64": 356,
          "65-128": 0,
          "129-256": 0,
          "257-1024": 0
        }
      },
      "test_len": {
        "overall": 0.9941,
        "by_gap": {
          "1-2": 1.0,
          "3-4": 1.0,
          "5-8": 0.9230769230769231,
          "9-12": 1.0,
          "13-16": 0.9696969696969697,
          "17-24": 1.0,
          "25-32": 0.9861111111111112,
          "33-48": 1.0,
          "49-64": 0.9927007299270073,
          "65-128": 0.9981818181818182,
          "129-256": 0.9931237721021611,
          "257-1024": null
        },
        "n": {
          "1-2": 2,
          "3-4": 4,
          "5-8": 13,
          "9-12": 18,
          "13-16": 33,
          "17-24": 77,
          "25-32": 72,
          "33-48": 124,
          "49-64": 137,
          "65-128": 550,
          "129-256": 1018,
          "257-1024": 0
        }
      },
      "params": 560769,
      "wall_s": 70.2
    },
    "selective": {
      "train_len": {
        "overall": 0.0103,
        "by_gap": {
          "1-2": 0.0,
          "3-4": 0.0,
          "5-8": 0.0,
          "9-12": 0.0,
          "13-16": 0.0189873417721519,
          "17-24": 0.018404907975460124,
          "25-32": 0.0243161094224924,
          "33-48": 0.00423728813559322,
          "49-64": 0.0028089887640449437,
          "65-128": null,
          "129-256": null,
          "257-1024": null
        },
        "n": {
          "1-2": 2,
          "3-4": 20,
          "5-8": 56,
          "9-12": 93,
          "13-16": 158,
          "17-24": 326,
          "25-32": 329,
          "33-48": 708,
          "49-64": 356,
          "65-128": 0,
          "129-256": 0,
          "257-1024": 0
        }
      },
      "test_len": {
        "overall": 0.0098,
        "by_gap": {
          "1-2": 0.0,
          "3-4": 0.0,
          "5-8": 0.0,
          "9-12": 0.0,
          "13-16": 0.0,
          "17-24": 0.025974025974025976,
          "25-32": 0.0,
          "33-48": 0.008064516129032258,
          "49-64": 0.0072992700729927005,
          "65-128": 0.01090909090909091,
          "129-256": 0.009823182711198428,
          "257-1024": null
        },
        "n": {
          "1-2": 2,
          "3-4": 4,
          "5-8": 13,
          "9-12": 18,
          "13-16": 33,
          "17-24": 77,
          "25-32": 72,
          "33-48": 124,
          "49-64": 137,
          "65-128": 550,
          "129-256": 1018,
          "257-1024": 0
        }
      },
      "params": 461826,
      "wall_s": 190.0
    },
    "phase_false": {
      "train_len": {
        "overall": 0.0156,
        "by_gap": {
          "1-2": 0.0,
          "3-4": 0.05,
          "5-8": 0.03571428571428571,
          "9-12": 0.0,
          "13-16": 0.02531645569620253,
          "17-24": 0.015337423312883436,
          "25-32": 0.015197568389057751,
          "33-48": 0.011299435028248588,
          "49-64": 0.019662921348314606,
          "65-128": null,
          "129-256": null,
          "257-1024": null
        },
        "n": {
          "1-2": 2,
          "3-4": 20,
          "5-8": 56,
          "9-12": 93,
          "13-16": 158,
          "17-24": 326,
          "25-32": 329,
          "33-48": 708,
          "49-64": 356,
          "65-128": 0,
          "129-256": 0,
          "257-1024": 0
        }
      },
      "test_len": {
        "overall": 0.0171,
        "by_gap": {
          "1-2": 0.0,
          "3-4": 0.0,
          "5-8": 0.0,
          "9-12": 0.05555555555555555,
          "13-16": 0.0,
          "17-24": 0.03896103896103896,
          "25-32": 0.0,
          "33-48": 0.04032258064516129,
          "49-64": 0.0072992700729927005,
          "65-128": 0.014545454545454545,
          "129-256": 0.01669941060903733,
          "257-1024": null
        },
        "n": {
          "1-2": 2,
          "3-4": 4,
          "5-8": 13,
          "9-12": 18,
          "13-16": 33,
          "17-24": 77,
          "25-32": 72,
          "33-48": 124,
          "49-64": 137,
          "65-128": 550,
          "129-256": 1018,
          "257-1024": 0
        }
      },
      "params": 527362,
      "wall_s": 204.3
    },
    "phase_true": {
      "train_len": {
        "overall": 0.021,
        "by_gap": {
          "1-2": 0.0,
          "3-4": 0.1,
          "5-8": 0.05357142857142857,
          "9-12": 0.03225806451612903,
          "13-16": 0.03164556962025317,
          "17-24": 0.012269938650306749,
          "25-32": 0.0121580547112462,
          "33-48": 0.01977401129943503,
          "49-64": 0.02247191011235955,
          "65-128": null,
          "129-256": null,
          "257-1024": null
        },
        "n": {
          "1-2": 2,
          "3-4": 20,
          "5-8": 56,
          "9-12": 93,
          "13-16": 158,
          "17-24": 326,
          "25-32": 329,
          "33-48": 708,
          "49-64": 356,
          "65-128": 0,
          "129-256": 0,
          "257-1024": 0
        }
      },
      "test_len": {
        "overall": 0.0259,
        "by_gap": {
          "1-2": 0.0,
          "3-4": 0.0,
          "5-8": 0.07692307692307693,
          "9-12": 0.05555555555555555,
          "13-16": 0.0,
          "17-24": 0.025974025974025976,
          "25-32": 0.041666666666666664,
          "33-48": 0.008064516129032258,
          "49-64": 0.014598540145985401,
          "65-128": 0.023636363636363636,
          "129-256": 0.029469548133595286,
          "257-1024": null
        },
        "n": {
          "1-2": 2,
          "3-4": 4,
          "5-8": 13,
          "9-12": 18,
          "13-16": 33,
          "17-24": 77,
          "25-32": 72,
          "33-48": 124,
          "49-64": 137,
          "65-128": 550,
          "129-256": 1018,
          "257-1024": 0
        }
      },
      "params": 527362,
      "wall_s": 226.4
    }
  }
}