{
  "header": "Phase-GSSM MQAR capacity \u2014 complex+selective quadrant (Exp 2 / Frontier #3)",
  "device": "mps",
  "config": {
    "steps": 1500,
    "n_pairs": 8,
    "train_len": 64,
    "test_len": 256,
    "d_model": 128,
    "n_layers": 2,
    "n_heads": 4,
    "d_head": 32,
    "lr": 0.003,
    "seed": 1,
    "n_keys": 64,
    "n_values": 64,
    "omega_scale": 3.141592653589793,
    "vocab_size": 129
  },
  "validity_gate": {
    "attn_train_acc": 0.9971,
    "passed": true,
    "note": "attn must reach >=0.90 at train len or ALL GSSM numbers are VOID"
  },
  "results": {
    "attn": {
      "train_len": {
        "overall": 0.9971,
        "by_gap": {
          "1-2": 1.0,
          "3-4": 1.0,
          "5-8": 1.0,
          "9-12": 1.0,
          "13-16": 1.0,
          "17-24": 0.9971428571428571,
          "25-32": 1.0,
          "33-48": 0.993660855784469,
          "49-64": 0.9972375690607734,
          "65-128": null,
          "129-256": null,
          "257-1024": null
        },
        "n": {
          "1-2": 13,
          "3-4": 15,
          "5-8": 58,
          "9-12": 118,
          "13-16": 154,
          "17-24": 350,
          "25-32": 347,
          "33-48": 631,
          "49-64": 362,
          "65-128": 0,
          "129-256": 0,
          "257-1024": 0
        }
      },
      "test_len": {
        "overall": 0.9966,
        "by_gap": {
          "1-2": 1.0,
          "3-4": 1.0,
          "5-8": 1.0,
          "9-12": 1.0,
          "13-16": 0.9310344827586207,
          "17-24": 1.0,
          "25-32": 1.0,
          "33-48": 1.0,
          "49-64": 1.0,
          "65-128": 0.9963235294117647,
          "129-256": 0.9970845481049563,
          "257-1024": null
        },
        "n": {
          "1-2": 3,
          "3-4": 4,
          "5-8": 6,
          "9-12": 18,
          "13-16": 29,
          "17-24": 53,
          "25-32": 71,
          "33-48": 139,
          "49-64": 152,
          "65-128": 544,
          "129-256": 1029,
          "257-1024": 0
        }
      },
      "params": 560769,
      "wall_s": 17.8
    },
    "selective": {
      "train_len": {
        "overall": 0.0132,
        "by_gap": {
          "1-2": 0.0,
          "3-4": 0.0,
          "5-8": 0.0,
          "9-12": 0.0,
          "13-16": 0.012987012987012988,
          "17-24": 0.017142857142857144,
          "25-32": 0.01729106628242075,
          "33-48": 0.012678288431061807,
          "49-64": 0.013812154696132596,
          "65-128": null,
          "129-256": null,
          "257-1024": null
        },
        "n": {
          "1-2": 13,
          "3-4": 15,
          "5-8": 58,
          "9-12": 118,
          "13-16": 154,
          "17-24": 350,
          "25-32": 347,
          "33-48": 631,
          "49-64": 362,
          "65-128": 0,
          "129-256": 0,
          "257-1024": 0
        }
      },
      "test_len": {
        "overall": 0.0186,
        "by_gap": {
          "1-2": 0.0,
          "3-4": 0.0,
          "5-8": 0.0,
          "9-12": 0.05555555555555555,
          "13-16": 0.0,
          "17-24": 0.0,
          "25-32": 0.04225352112676056,
          "33-48": 0.014388489208633094,
          "49-64": 0.039473684210526314,
          "65-128": 0.007352941176470588,
          "129-256": 0.021379980563654033,
          "257-1024": null
        },
        "n": {
          "1-2": 3,
          "3-4": 4,
          "5-8": 6,
          "9-12": 18,
          "13-16": 29,
          "17-24": 53,
          "25-32": 71,
          "33-48": 139,
          "49-64": 152,
          "65-128": 544,
          "129-256": 1029,
          "257-1024": 0
        }
      },
      "params": 461826,
      "wall_s": 39.4
    },
    "phase_false": {
      "train_len": {
        "overall": 0.0132,
        "by_gap": {
          "1-2": 0.0,
          "3-4": 0.0,
          "5-8": 0.0,
          "9-12": 0.0,
          "13-16": 0.012987012987012988,
          "17-24": 0.017142857142857144,
          "25-32": 0.01729106628242075,
          "33-48": 0.012678288431061807,
          "49-64": 0.013812154696132596,
          "65-128": null,
          "129-256": null,
          "257-1024": null
        },
        "n": {
          "1-2": 13,
          "3-4": 15,
          "5-8": 58,
          "9-12": 118,
          "13-16": 154,
          "17-24": 350,
          "25-32": 347,
          "33-48": 631,
          "49-64": 362,
          "65-128": 0,
          "129-256": 0,
          "257-1024": 0
        }
      },
      "test_len": {
        "overall": 0.0186,
        "by_gap": {
          "1-2": 0.0,
          "3-4": 0.0,
          "5-8": 0.0,
          "9-12": 0.05555555555555555,
          "13-16": 0.0,
          "17-24": 0.0,
          "25-32": 0.04225352112676056,
          "33-48": 0.014388489208633094,
          "49-64": 0.039473684210526314,
          "65-128": 0.007352941176470588,
          "129-256": 0.021379980563654033,
          "257-1024": null
        },
        "n": {
          "1-2": 3,
          "3-4": 4,
          "5-8": 6,
          "9-12": 18,
          "13-16": 29,
          "17-24": 53,
          "25-32": 71,
          "33-48": 139,
          "49-64": 152,
          "65-128": 544,
          "129-256": 1029,
          "257-1024": 0
        }
      },
      "params": 527362,
      "wall_s": 39.9
    },
    "phase_true": {
      "train_len": {
        "overall": 0.0132,
        "by_gap": {
          "1-2": 0.0,
          "3-4": 0.0,
          "5-8": 0.0,
          "9-12": 0.0,
          "13-16": 0.012987012987012988,
          "17-24": 0.017142857142857144,
          "25-32": 0.01729106628242075,
          "33-48": 0.012678288431061807,
          "49-64": 0.013812154696132596,
          "65-128": null,
          "129-256": null,
          "257-1024": null
        },
        "n": {
          "1-2": 13,
          "3-4": 15,
          "5-8": 58,
          "9-12": 118,
          "13-16": 154,
          "17-24": 350,
          "25-32": 347,
          "33-48": 631,
          "49-64": 362,
          "65-128": 0,
          "129-256": 0,
          "257-1024": 0
        }
      },
      "test_len": {
        "overall": 0.0186,
        "by_gap": {
          "1-2": 0.0,
          "3-4": 0.0,
          "5-8": 0.0,
          "9-12": 0.05555555555555555,
          "13-16": 0.0,
          "17-24": 0.0,
          "25-32": 0.04225352112676056,
          "33-48": 0.014388489208633094,
          "49-64": 0.039473684210526314,
          "65-128": 0.007352941176470588,
          "129-256": 0.021379980563654033,
          "257-1024": null
        },
        "n": {
          "1-2": 3,
          "3-4": 4,
          "5-8": 6,
          "9-12": 18,
          "13-16": 29,
          "17-24": 53,
          "25-32": 71,
          "33-48": 139,
          "49-64": 152,
          "65-128": 544,
          "129-256": 1029,
          "257-1024": 0
        }
      },
      "params": 527362,
      "wall_s": 40.2
    }
  }
}