{
  "header": "Phase-GSSM MQAR capacity \u2014 complex+selective quadrant (Exp 2 / Frontier #3)",
  "device": "mps",
  "config": {
    "steps": 300,
    "n_pairs": 8,
    "train_len": 64,
    "test_len": 256,
    "d_model": 128,
    "n_layers": 2,
    "n_heads": 4,
    "d_head": 32,
    "lr": 0.003,
    "seed": 42,
    "n_keys": 64,
    "n_values": 64,
    "omega_scale": 3.141592653589793,
    "vocab_size": 129
  },
  "validity_gate": {
    "attn_train_acc": 0.9961,
    "passed": true,
    "note": "attn must reach >=0.90 at train len or ALL GSSM numbers are VOID"
  },
  "results": {
    "attn": {
      "train_len": {
        "overall": 0.9961,
        "by_gap": {
          "1-2": 1.0,
          "3-4": 1.0,
          "5-8": 1.0,
          "9-12": 1.0,
          "13-16": 1.0,
          "17-24": 0.9969325153374233,
          "25-32": 0.9969604863221885,
          "33-48": 0.9943502824858758,
          "49-64": 0.9943820224719101,
          "65-128": null,
          "129-256": null,
          "257-1024": null
        },
        "n": {
          "1-2": 2,
          "3-4": 20,
          "5-8": 56,
          "9-12": 93,
          "13-16": 158,
          "17-24": 326,
          "25-32": 329,
          "33-48": 708,
          "49-64": 356,
          "65-128": 0,
          "129-256": 0,
          "257-1024": 0
        }
      },
      "test_len": {
        "overall": 0.9966,
        "by_gap": {
          "1-2": 1.0,
          "3-4": 1.0,
          "5-8": 1.0,
          "9-12": 1.0,
          "13-16": 1.0,
          "17-24": 1.0,
          "25-32": 0.9861111111111112,
          "33-48": 1.0,
          "49-64": 0.9927007299270073,
          "65-128": 1.0,
          "129-256": 0.9950884086444007,
          "257-1024": null
        },
        "n": {
          "1-2": 2,
          "3-4": 4,
          "5-8": 13,
          "9-12": 18,
          "13-16": 33,
          "17-24": 77,
          "25-32": 72,
          "33-48": 124,
          "49-64": 137,
          "65-128": 550,
          "129-256": 1018,
          "257-1024": 0
        }
      },
      "params": 560769,
      "wall_s": 13.1
    },
    "phase_false": {
      "train_len": {
        "overall": 0.0137,
        "by_gap": {
          "1-2": 0.0,
          "3-4": 0.05,
          "5-8": 0.0,
          "9-12": 0.0,
          "13-16": 0.012658227848101266,
          "17-24": 0.015337423312883436,
          "25-32": 0.00911854103343465,
          "33-48": 0.015536723163841809,
          "49-64": 0.016853932584269662,
          "65-128": null,
          "129-256": null,
          "257-1024": null
        },
        "n": {
          "1-2": 2,
          "3-4": 20,
          "5-8": 56,
          "9-12": 93,
          "13-16": 158,
          "17-24": 326,
          "25-32": 329,
          "33-48": 708,
          "49-64": 356,
          "65-128": 0,
          "129-256": 0,
          "257-1024": 0
        }
      },
      "test_len": {
        "overall": 0.021,
        "by_gap": {
          "1-2": 0.0,
          "3-4": 0.0,
          "5-8": 0.0,
          "9-12": 0.0,
          "13-16": 0.030303030303030304,
          "17-24": 0.025974025974025976,
          "25-32": 0.013888888888888888,
          "33-48": 0.016129032258064516,
          "49-64": 0.0072992700729927005,
          "65-128": 0.014545454545454545,
          "129-256": 0.0275049115913556,
          "257-1024": null
        },
        "n": {
          "1-2": 2,
          "3-4": 4,
          "5-8": 13,
          "9-12": 18,
          "13-16": 33,
          "17-24": 77,
          "25-32": 72,
          "33-48": 124,
          "49-64": 137,
          "65-128": 550,
          "129-256": 1018,
          "257-1024": 0
        }
      },
      "params": 527362,
      "wall_s": 31.9
    },
    "phase_true": {
      "train_len": {
        "overall": 0.0137,
        "by_gap": {
          "1-2": 0.0,
          "3-4": 0.05,
          "5-8": 0.0,
          "9-12": 0.0,
          "13-16": 0.012658227848101266,
          "17-24": 0.015337423312883436,
          "25-32": 0.00911854103343465,
          "33-48": 0.015536723163841809,
          "49-64": 0.016853932584269662,
          "65-128": null,
          "129-256": null,
          "257-1024": null
        },
        "n": {
          "1-2": 2,
          "3-4": 20,
          "5-8": 56,
          "9-12": 93,
          "13-16": 158,
          "17-24": 326,
          "25-32": 329,
          "33-48": 708,
          "49-64": 356,
          "65-128": 0,
          "129-256": 0,
          "257-1024": 0
        }
      },
      "test_len": {
        "overall": 0.021,
        "by_gap": {
          "1-2": 0.0,
          "3-4": 0.0,
          "5-8": 0.0,
          "9-12": 0.0,
          "13-16": 0.030303030303030304,
          "17-24": 0.025974025974025976,
          "25-32": 0.013888888888888888,
          "33-48": 0.016129032258064516,
          "49-64": 0.0072992700729927005,
          "65-128": 0.014545454545454545,
          "129-256": 0.0275049115913556,
          "257-1024": null
        },
        "n": {
          "1-2": 2,
          "3-4": 4,
          "5-8": 13,
          "9-12": 18,
          "13-16": 33,
          "17-24": 77,
          "25-32": 72,
          "33-48": 124,
          "49-64": 137,
          "65-128": 550,
          "129-256": 1018,
          "257-1024": 0
        }
      },
      "params": 527362,
      "wall_s": 16.8
    }
  }
}